{
    "Movies": [
        {
            "title": "Titanic",
            "description": "",
            "image_path": "/home/hrusav/Desktop/hrusavData/collectionFolder/assets/titanic.jpg",
            "release_date": "",
            "runtime": "",
            "imdb_rating": "",
            "metascore": "",
            "rotten_tomatoes": "",
            "director": "",
            "writer": "",
            "main_cast": "",
            "supporting_cast": "",
            "Genres": [],
            "tagline": "",
            "budget": "",
            "box_office": "",
            "production_companies": "",
            "filming_locations": "",
            "language": "",
            "country": "",
            "awards": ""
        },
        {
            "title": "The Hulk",
            "description": "",
            "image_path": "/home/hrusav/Desktop/hrusavData/collectionFolder/assets/Hulk_movie.jpg",
            "release_date": "",
            "runtime": "",
            "imdb_rating": "",
            "metascore": "",
            "rotten_tomatoes": "",
            "director": "",
            "writer": "",
            "main_cast": "",
            "supporting_cast": "",
            "Genres": [],
            "tagline": "",
            "budget": "",
            "box_office": "",
            "production_companies": "",
            "filming_locations": "",
            "language": "",
            "country": "",
            "awards": ""
        },
        {
            "title": "Transformers",
            "description": "Several thousand years ago, the planet Cybertron was consumed by a civil war between the two Transformer factions, the Autobots led by Optimus Prime and the Decepticons led by Megatron. Optimus jettisoned the Allspark, a mystical artifact that brings life to the planet, into space, but Megatron pursued it.",
            "image_path": "/home/hrusav/Desktop/hrusavData/collectionFolder/assets/Transformers07.jpg",
            "release_date": "",
            "runtime": "",
            "imdb_rating": "",
            "metascore": "",
            "rotten_tomatoes": "",
            "director": "",
            "writer": "",
            "main_cast": "",
            "supporting_cast": "",
            "Genres": [],
            "tagline": "",
            "budget": "",
            "box_office": "",
            "production_companies": "",
            "filming_locations": "",
            "language": "",
            "country": "",
            "awards": ""
        },
        {
            "title": "Rush Hour",
            "description": "A loyal and dedicated Hong Kong Inspector teams up with a reckless and loudmouthed L.A.P.D. detective to rescue the Chinese Consul's kidnapped daughter, while trying to arrest a dangerous crime lord along the way.",
            "image_path": "/home/hrusav/Desktop/hrusavData/collectionFolder/assets/rush_hour.jpg",
            "release_date": "",
            "runtime": "",
            "imdb_rating": "",
            "metascore": "",
            "rotten_tomatoes": "",
            "director": "",
            "writer": "",
            "main_cast": "",
            "supporting_cast": "",
            "Genres": [],
            "tagline": "",
            "budget": "",
            "box_office": "",
            "production_companies": "",
            "filming_locations": "",
            "language": "",
            "country": "",
            "awards": ""
        }
    ],
    "Games": [
        {
            "title": "Halo",
            "description": "Halo is set in the 26th century and follows the conflict between humanity and a formidable alien alliance known as the Covenant. The story is centered around Master Chief Petty Officer John-117, a super-soldier of the Spartan-II program, and several other major characters from the video games series.",
            "image_path": "/home/hrusav/Desktop/hrusavData/collectionFolder/assets/halo.jpg",
            "release_date": "",
            "developer": "",
            "publisher": "",
            "user_reviews": "",
            "metascore": "",
            "number_of_reviews": "",
            "Genres": [],
            "game_modes": "",
            "tags": "",
            "features": "",
            "min_requirements": "",
            "rec_requirements": ""
        },
        {
            "title": "Crash Bandicoot",
            "description": "The player controls Crash, a genetically enhanced bandicoot created by the mad scientist Doctor Neo Cortex. The story follows Crash as he aims to foil Cortex's plans for world domination and rescue his girlfriend Tawna, a female bandicoot also created by Cortex.",
            "image_path": "/home/hrusav/Desktop/hrusavData/collectionFolder/assets/Crash_Bandicoot_Cover.png",
            "release_date": "",
            "developer": "",
            "publisher": "",
            "user_reviews": "",
            "metascore": "",
            "number_of_reviews": "",
            "Genres": [],
            "game_modes": "",
            "tags": "",
            "features": "",
            "min_requirements": "",
            "rec_requirements": ""
        },
        {
            "title": "Game name",
            "description": "",
            "image_path": "",
            "release_date": "",
            "developer": "asdge",
            "publisher": "",
            "user_reviews": "",
            "metascore": "",
            "number_of_reviews": "",
            "Genres": [],
            "game_modes": "",
            "tags": "",
            "features": "",
            "min_requirements": "",
            "rec_requirements": ""
        },
        {
            "title": "New Game",
            "description": "",
            "image_path": "",
            "release_date": "",
            "developer": "",
            "publisher": "",
            "user_reviews": "",
            "metascore": "",
            "number_of_reviews": "",
            "Genres": [],
            "game_modes": "",
            "tags": "",
            "features": "",
            "min_requirements": "",
            "rec_requirements": ""
        },
        {
            "title": "New Game",
            "description": "",
            "image_path": "",
            "release_date": "",
            "developer": "",
            "publisher": "",
            "user_reviews": "",
            "metascore": "",
            "number_of_reviews": "",
            "Genres": [],
            "game_modes": "",
            "tags": "",
            "features": "",
            "min_requirements": "",
            "rec_requirements": ""
        },
        {
            "title": "New Game",
            "description": "",
            "image_path": "",
            "release_date": "",
            "developer": "",
            "publisher": "",
            "user_reviews": "",
            "metascore": "",
            "number_of_reviews": "",
            "Genres": [],
            "game_modes": "",
            "tags": "",
            "features": "",
            "min_requirements": "",
            "rec_requirements": ""
        },
        {
            "title": "New Game",
            "description": "",
            "image_path": "",
            "release_date": "",
            "developer": "",
            "publisher": "",
            "user_reviews": "",
            "metascore": "",
            "number_of_reviews": "",
            "Genres": [],
            "game_modes": "",
            "tags": "",
            "features": "",
            "min_requirements": "",
            "rec_requirements": ""
        },
        {
            "title": "New Game",
            "description": "",
            "image_path": "",
            "release_date": "",
            "developer": "",
            "publisher": "",
            "user_reviews": "",
            "metascore": "",
            "number_of_reviews": "",
            "Genres": [],
            "game_modes": "",
            "tags": "",
            "features": "",
            "min_requirements": "",
            "rec_requirements": ""
        },
        {
            "title": "New Game",
            "description": "",
            "image_path": "",
            "release_date": "",
            "developer": "",
            "publisher": "",
            "user_reviews": "",
            "metascore": "",
            "number_of_reviews": "",
            "Genres": [],
            "game_modes": "",
            "tags": "",
            "features": "",
            "min_requirements": "",
            "rec_requirements": ""
        },
        {
            "title": "New Game",
            "description": "",
            "image_path": "",
            "release_date": "",
            "developer": "",
            "publisher": "",
            "user_reviews": "",
            "metascore": "",
            "number_of_reviews": "",
            "Genres": [],
            "game_modes": "",
            "tags": "",
            "features": "",
            "min_requirements": "",
            "rec_requirements": ""
        },
        {
            "title": "New Game",
            "description": "",
            "image_path": "",
            "release_date": "",
            "developer": "",
            "publisher": "",
            "user_reviews": "",
            "metascore": "",
            "number_of_reviews": "",
            "Genres": [],
            "game_modes": "",
            "tags": "",
            "features": "",
            "min_requirements": "",
            "rec_requirements": ""
        },
        {
            "title": "New Game",
            "description": "",
            "image_path": "",
            "release_date": "",
            "developer": "",
            "publisher": "",
            "user_reviews": "",
            "metascore": "",
            "number_of_reviews": "",
            "Genres": [],
            "game_modes": "",
            "tags": "",
            "features": "",
            "min_requirements": "",
            "rec_requirements": ""
        },
        {
            "title": "New Game",
            "description": "",
            "image_path": "",
            "release_date": "",
            "developer": "",
            "publisher": "",
            "user_reviews": "",
            "metascore": "",
            "number_of_reviews": "",
            "Genres": [],
            "game_modes": "",
            "tags": "",
            "features": "",
            "min_requirements": "",
            "rec_requirements": ""
        },
        {
            "title": "New Game",
            "description": "",
            "image_path": "",
            "release_date": "",
            "developer": "",
            "publisher": "",
            "user_reviews": "",
            "metascore": "",
            "number_of_reviews": "",
            "Genres": [],
            "game_modes": "",
            "tags": "",
            "features": "",
            "min_requirements": "",
            "rec_requirements": ""
        },
        {
            "title": "New Game",
            "description": "",
            "image_path": "",
            "release_date": "",
            "developer": "",
            "publisher": "",
            "user_reviews": "",
            "metascore": "",
            "number_of_reviews": "",
            "Genres": [],
            "game_modes": "",
            "tags": "",
            "features": "",
            "min_requirements": "",
            "rec_requirements": ""
        },
        {
            "title": "New Game",
            "description": "",
            "image_path": "",
            "release_date": "",
            "developer": "",
            "publisher": "",
            "user_reviews": "",
            "metascore": "",
            "number_of_reviews": "",
            "Genres": [],
            "game_modes": "",
            "tags": "",
            "features": "",
            "min_requirements": "",
            "rec_requirements": ""
        },
        {
            "title": "New Game",
            "description": "",
            "image_path": "",
            "release_date": "",
            "developer": "",
            "publisher": "",
            "user_reviews": "",
            "metascore": "",
            "number_of_reviews": "",
            "Genres": [],
            "game_modes": "",
            "tags": "",
            "features": "",
            "min_requirements": "",
            "rec_requirements": ""
        },
        {
            "title": "New Game",
            "description": "",
            "image_path": "",
            "release_date": "",
            "developer": "",
            "publisher": "",
            "user_reviews": "",
            "metascore": "",
            "number_of_reviews": "",
            "Genres": [],
            "game_modes": "",
            "tags": "",
            "features": "",
            "min_requirements": "",
            "rec_requirements": ""
        },
        {
            "title": "New Game",
            "description": "",
            "image_path": "",
            "release_date": "",
            "developer": "",
            "publisher": "",
            "user_reviews": "",
            "metascore": "",
            "number_of_reviews": "",
            "Genres": [],
            "game_modes": "",
            "tags": "",
            "features": "",
            "min_requirements": "",
            "rec_requirements": ""
        },
        {
            "title": "New Game",
            "description": "",
            "image_path": "",
            "release_date": "",
            "developer": "",
            "publisher": "",
            "user_reviews": "",
            "metascore": "",
            "number_of_reviews": "",
            "Genres": [],
            "game_modes": "",
            "tags": "",
            "features": "",
            "min_requirements": "",
            "rec_requirements": ""
        },
        {
            "title": "New Game",
            "description": "",
            "image_path": "",
            "release_date": "",
            "developer": "",
            "publisher": "",
            "user_reviews": "",
            "metascore": "",
            "number_of_reviews": "",
            "Genres": [],
            "game_modes": "",
            "tags": "",
            "features": "",
            "min_requirements": "",
            "rec_requirements": ""
        },
        {
            "title": "New Game",
            "description": "",
            "image_path": "",
            "release_date": "",
            "developer": "",
            "publisher": "",
            "user_reviews": "",
            "metascore": "",
            "number_of_reviews": "",
            "Genres": [],
            "game_modes": "",
            "tags": "",
            "features": "",
            "min_requirements": "",
            "rec_requirements": ""
        },
        {
            "title": "New Game",
            "description": "",
            "image_path": "",
            "release_date": "",
            "developer": "",
            "publisher": "",
            "user_reviews": "",
            "metascore": "",
            "number_of_reviews": "",
            "Genres": [],
            "game_modes": "",
            "tags": "",
            "features": "",
            "min_requirements": "",
            "rec_requirements": ""
        }
    ],
    "Books": [
        {
            "title": "Thief of Time",
            "description": "Thief of Time is a fantasy novel by British writer Terry Pratchett, the 26th book in his Discworld series. The Auditors hire young clockmaker Jeremy Clockson to build a perfect glass clock, without telling him that this will stop time and thereby eliminate human unpredictability from the universe.",
            "image_path": "/home/hrusav/Desktop/hrusavData/collectionFolder/assets/thumb_5362.jpg",
            "author": "Terry Pratchet",
            "publisher": "",
            "publication_date": "",
            "isbn": "",
            "language": "",
            "Genres": [
                "Dystopian",
                "Magical Realism",
                "Satire"
            ],
            "tags": "",
            "series_info": ""
        },
        {
            "title": "The way of kings",
            "description": "The Way of Kings is an epic fantasy novel written by American author Brandon Sanderson and the first book in The Stormlight Archive series.[2] The novel was published on August 31, 2010, by Tor Books.[3] The Way of Kings consists of one prelude, one prologue, 75 chapters, an epilogue and nine interludes.[4] It was followed by Words of Radiance in 2014,[5][6][7] Oathbringer in 2017, Rhythm of War in 2020 and Wind and Truth in 2024. A leatherbound edition was released in 2021.[8]\n\nIn 2011, it won the David Gemmell Legend Award for best novel.[9] The unabridged audiobook is read by narrator team Michael Kramer and Kate Reading.",
            "image_path": "/home/hrusav/Desktop/hrusavData/collectionFolder/assets/theWayOfKings.png",
            "author": "Brandon Sanderson",
            "publisher": "",
            "publication_date": "2011",
            "isbn": "",
            "language": "",
            "Genres": [
                "True Crime",
                "Essay",
                "Travel"
            ],
            "tags": "",
            "series_info": ""
        },
        {
            "title": "Book two",
            "description": "hello world",
            "image_path": "",
            "author": "",
            "publisher": "",
            "publication_date": "2011",
            "isbn": "",
            "language": "",
            "Genres": [],
            "tags": "",
            "series_info": ""
        },
        {
            "title": "This is a new book entry",
            "description": "",
            "image_path": "",
            "author": "me myself and I",
            "publisher": "",
            "publication_date": "",
            "isbn": "",
            "language": "",
            "Genres": [],
            "tags": "",
            "series_info": ""
        },
        {
            "title": "New Book",
            "description": "",
            "image_path": "",
            "author": "",
            "publisher": "",
            "publication_date": "",
            "isbn": "",
            "language": "",
            "Genres": [],
            "tags": "",
            "series_info": ""
        }
    ]
}